,Sucursal,cantidad,Vehiculo
0,Rhyzio,95,Hyundai
1,Rhynoodle,37,Mercedes-Benz
2,Gabvine,58,Mitsubishi
3,Podcat,61,Mitsubishi
4,Demivee,73,Volkswagen
5,Innotype,4,Porsche
6,Jabbersphere,72,Dodge
7,Tagcat,62,Nissan
8,Flipstorm,32,Hyundai
9,Kazio,6,Ford
10,Quatz,52,Chevrolet
11,Twitternation,71,Kia
12,Topicblab,9,Volkswagen
13,Babbleopia,91,Chevrolet
14,Thoughtblab,83,Audi
15,Tambee,23,Mazda
16,Yozio,95,Buick
17,Snaptags,25,Ford
18,Meevee,46,Maserati
19,Twinder,93,Mercedes-Benz
20,Chatterpoint,41,Maserati
21,Thoughtmix,73,Mercedes-Benz
22,Muxo,57,Toyota
23,Thoughtstorm,33,Toyota
24,Quatz,24,Pontiac
25,Izio,54,Oldsmobile
26,Mydeo,39,Mercedes-Benz
27,Oyondu,57,Infiniti
28,Tagcat,8,Bentley
29,Quire,70,Subaru
30,Jabbercube,12,Chevrolet
31,Chatterbridge,79,Dodge
32,Yodoo,22,Buick
33,Demivee,1,GMC
34,Yakidoo,28,Acura
35,Fanoodle,99,Daewoo
36,Gevee,29,Subaru
37,Miboo,98,Jeep
38,Trudeo,91,Jeep
39,Linktype,80,Chevrolet
40,Linktype,7,Geo
41,Brightbean,95,Pontiac
42,Tagcat,61,GMC
43,Pixope,100,Nissan
44,Zoombox,47,Citroën
45,Jabberstorm,85,Porsche
46,Skidoo,65,Chevrolet
47,Thoughtstorm,25,Chevrolet
48,Zoonoodle,12,Nissan
49,Flipstorm,36,Ford
50,Rooxo,79,Hyundai
51,Topicblab,84,Buick
52,Kimia,4,BMW
53,Browsetype,16,Jaguar
54,Kwilith,81,Pontiac
55,Dynabox,80,Toyota
56,Muxo,100,Pontiac
57,Tagcat,88,Lotus
58,Skipstorm,39,Subaru
59,Fadeo,51,Honda
60,Edgeblab,32,Dodge
61,Skyndu,14,Chevrolet
62,Zoozzy,90,Toyota
63,InnoZ,2,Nissan
64,Realmix,57,Hyundai
65,Divape,44,Bentley
66,Ntags,84,GMC
67,Fiveclub,7,Buick
68,Vimbo,67,Scion
69,Browseblab,73,Volkswagen
70,Myworks,77,Mitsubishi
71,Jetwire,39,Lexus
72,Edgeify,41,Chevrolet
73,Riffpedia,92,Pontiac
74,Voonix,27,Volkswagen
75,InnoZ,56,Toyota
76,Eare,56,Volkswagen
77,Plambee,42,GMC
78,Centimia,93,Nissan
79,Thoughtblab,32,Oldsmobile
80,Miboo,84,Volkswagen
81,Oloo,14,Honda
82,Roombo,92,Pontiac
83,Yodo,27,Nissan
84,DabZ,30,Ford
85,Youbridge,14,Dodge
86,Brainlounge,22,Pontiac
87,Fivechat,11,Hyundai
88,Jaxnation,50,Plymouth
89,Voolia,27,Saab
90,Myworks,26,GMC
91,Jabberstorm,59,Volkswagen
92,Realpoint,59,Mazda
93,Babbleblab,43,Pontiac
94,Yodo,54,Volkswagen
95,Trilith,75,Maserati
96,Riffpedia,14,Jaguar
97,Innotype,3,Mazda
98,Bubblebox,87,Maserati
99,Layo,14,Infiniti
100,Photobug,3,Toyota
101,Fatz,16,Land Rover
102,Yombu,72,Lexus
103,Youspan,75,Mercedes-Benz
104,Myworks,56,Dodge
105,Skipfire,14,Pontiac
106,Edgepulse,81,Toyota
107,Aimbo,13,BMW
108,Yotz,88,Toyota
109,Blogtag,33,Toyota
110,Thoughtbridge,86,Mercury
111,Topicware,42,Volvo
112,Livefish,62,GMC
113,Yozio,17,Hyundai
114,Kimia,53,Volkswagen
115,Twimm,87,Subaru
116,Dynava,78,Ford
117,Mybuzz,89,Porsche
118,Jamia,68,Dodge
119,Jazzy,66,Pontiac
120,Centimia,18,Jaguar
121,Yata,88,Chevrolet
122,Photobug,19,Isuzu
123,Feedspan,10,GMC
124,Wikizz,56,Mercedes-Benz
125,Ailane,70,BMW
126,Dabjam,54,Volvo
127,Browseblab,28,Ford
128,Myworks,89,Ford
129,Topicblab,36,Volkswagen
130,Gabvine,72,Audi
131,Oyonder,19,Mazda
132,Avavee,86,Cadillac
133,Feedfire,52,Volkswagen
134,Chatterbridge,70,Isuzu
135,Devpulse,68,Buick
136,Jabberstorm,95,GMC
137,Wikido,33,BMW
138,Browsecat,48,Chevrolet
139,Quaxo,47,Kia
140,Dynava,21,Hyundai
141,Tekfly,17,Isuzu
142,Geba,70,Lincoln
143,Blogpad,89,Lincoln
144,Trilia,18,Lexus
145,Thoughtbeat,46,Ford
146,Realmix,11,Cadillac
147,Avavee,23,GMC
148,Omba,66,Ford
149,Quatz,34,Ram
150,Twinte,18,BMW
151,Jaloo,87,Lincoln
152,Dazzlesphere,36,Mazda
153,Jayo,95,Oldsmobile
154,Snaptags,56,Toyota
155,Tagopia,16,Mercedes-Benz
156,Mydeo,90,Chevrolet
157,Buzzdog,57,Lexus
158,InnoZ,51,Land Rover
159,Einti,17,Buick
160,Cogibox,92,Pontiac
161,Meejo,96,Bentley
162,Feedfire,94,Honda
163,Gigabox,56,Mitsubishi
164,Yakitri,43,Mazda
165,Feedmix,19,Cadillac
166,Twimbo,9,Dodge
167,Voonte,27,Ford
168,Topicblab,84,Suzuki
169,Reallinks,48,Ford
170,Realpoint,52,Buick
171,Kare,83,Toyota
172,Thoughtsphere,12,BMW
173,Gabtune,75,GMC
174,Flipstorm,94,Ford
175,Thoughtmix,62,Hillman
176,Voonix,47,Volvo
177,Zoomlounge,10,Honda
178,Browsezoom,97,Ford
179,Yozio,66,Mitsubishi
180,Thoughtsphere,83,Lincoln
181,Wikibox,62,GMC
182,Trudoo,26,Ford
183,Aimbo,64,Ford
184,Browsedrive,70,Ford
185,Yozio,80,Honda
186,Aivee,99,Mitsubishi
187,Jaxspan,1,Pontiac
188,Meembee,40,Ford
189,Snaptags,8,Mitsubishi
190,Muxo,59,Mazda
191,Twinte,21,Oldsmobile
192,Eare,47,GMC
193,Cogilith,5,Lexus
194,Vimbo,55,Chevrolet
195,Demizz,48,Chevrolet
196,Twinte,100,Acura
197,Eayo,69,Toyota
198,Kimia,2,Volkswagen
199,Realmix,30,Merkur
200,Topicware,64,BMW
201,Eamia,33,Oldsmobile
202,Trunyx,44,Dodge
203,Flipopia,12,Volkswagen
204,Kwinu,42,Mazda
205,Realpoint,51,Audi
206,Yata,4,Dodge
207,Kazio,45,Ford
208,Twitterlist,31,Kia
209,Devpoint,18,Buick
210,Kaymbo,69,Dodge
211,Realmix,21,Volkswagen
212,Yozio,39,Toyota
213,Wikizz,40,Mazda
214,Yotz,84,Chevrolet
215,Lazz,99,Toyota
216,Jaxworks,57,Bentley
217,Camimbo,86,Mercedes-Benz
218,Fadeo,52,Toyota
219,Skajo,1,Nissan
220,Photofeed,68,Scion
221,Twiyo,79,BMW
222,Fanoodle,19,Jeep
223,Tagopia,95,Suzuki
224,Bubblebox,6,Pontiac
225,Avavee,78,Chevrolet
226,Zoomzone,32,Lexus
227,Avavee,62,Mercury
228,Shuffledrive,7,GMC
229,Mudo,82,Toyota
230,Flashset,94,GMC
231,Quatz,4,Chevrolet
232,Flashpoint,58,Dodge
233,Brainsphere,16,Kia
234,Kimia,4,Buick
235,Aimbu,25,Maserati
236,Npath,30,Ford
237,Lazzy,32,Chevrolet
238,Buzzster,85,Lamborghini
239,Skynoodle,95,Pontiac
240,BlogXS,23,Ford
241,Oyoyo,18,Mitsubishi
242,Photobean,82,Hyundai
243,Tagchat,14,Saab
244,Zoozzy,90,Buick
245,Pixonyx,94,Infiniti
246,Plajo,45,Pontiac
247,Innotype,49,Jaguar
248,Zava,47,Volkswagen
249,Brightbean,79,Volvo
250,Dabtype,46,Chevrolet
251,Yata,46,Ford
252,Photolist,95,Lotus
253,Jabbersphere,75,Dodge
254,Voolia,97,Dodge
255,Flipstorm,61,Land Rover
256,Youbridge,94,Geo
257,Linklinks,8,BMW
258,Dabtype,23,Suzuki
259,Aimbu,43,Nissan
260,Vitz,79,Volkswagen
261,Fanoodle,27,Audi
262,Jaxnation,39,Saab
263,Thoughtbridge,69,Porsche
264,Lajo,71,Chevrolet
265,Gigashots,67,Pontiac
266,Flashpoint,77,Chevrolet
267,Teklist,28,Chrysler
268,Yabox,77,Mercedes-Benz
269,Devshare,34,GMC
270,Eidel,27,Lincoln
271,Teklist,56,BMW
272,Meetz,56,Isuzu
273,Dabfeed,15,Honda
274,Skipfire,100,Ford
275,Rhyloo,13,Volvo
276,Ntags,56,Maserati
277,Skidoo,38,Toyota
278,Yakidoo,44,Ford
279,Browsebug,39,Lamborghini
280,Livetube,25,Kia
281,Camido,15,Chrysler
282,Kwinu,33,Ford
283,Yadel,100,GMC
284,Flashpoint,99,Chevrolet
285,Skinder,25,Toyota
286,Jabbersphere,21,Chevrolet
287,Mynte,11,Chrysler
288,Pixope,1,Bentley
289,Yodel,32,Kia
290,Flipopia,46,Pontiac
291,Ntag,91,Lincoln
292,Mudo,97,BMW
293,Shuffledrive,37,Chevrolet
294,Janyx,63,Chevrolet
295,Teklist,26,Chevrolet
296,Quinu,24,Suzuki
297,Myworks,27,Mazda
298,Eire,36,Hyundai
299,Realbuzz,71,BMW
300,Dablist,80,Porsche
301,Livetube,84,Kia
302,Gigaclub,69,Suzuki
303,Browsetype,52,Audi
304,Zoomlounge,58,Volkswagen
305,Eidel,37,Hyundai
306,Mudo,76,Ferrari
307,Brightdog,70,Oldsmobile
308,Riffpath,59,Chevrolet
309,Abata,30,BMW
310,Edgeify,40,Chrysler
311,Avaveo,67,Ford
312,Eazzy,84,Buick
313,Photojam,100,Hyundai
314,Linktype,92,Chrysler
315,Dabfeed,80,Saturn
316,Browsedrive,45,Buick
317,Blogpad,16,Lexus
318,Gigabox,40,Porsche
319,Quire,100,Mercedes-Benz
320,Tagpad,9,GMC
321,Dynabox,28,Acura
322,Centizu,93,Honda
323,Tagopia,69,Kia
324,Kwilith,33,Mazda
325,Oyonder,32,Chevrolet
326,Blogtags,5,Volkswagen
327,Linkbridge,27,Mazda
328,Camimbo,72,Cadillac
329,Thoughtblab,76,Ford
330,Twimm,51,Mazda
331,Aimbo,1,Dodge
332,Yakidoo,98,Dodge
333,Dabjam,42,GMC
334,Leexo,17,Chevrolet
335,Gigaclub,85,Jeep
336,Tekfly,13,Suzuki
337,Gigaclub,46,GMC
338,Jayo,82,Audi
339,Quatz,50,Mercedes-Benz
340,Meetz,12,Mercedes-Benz
341,Oyonder,80,Ford
342,Thoughtblab,39,Hyundai
343,Kwideo,100,Toyota
344,Twinder,94,Mazda
345,Wikivu,49,Toyota
346,Jayo,99,GMC
347,Shufflester,48,Lexus
348,Eidel,89,Eagle
349,Shufflester,32,Kia
350,Thoughtmix,19,Ford
351,Realbuzz,70,BMW
352,Devpulse,42,Buick
353,Livetube,63,Saturn
354,Centidel,39,Lincoln
355,Browsecat,71,Plymouth
356,Livetube,73,Porsche
357,Shufflebeat,95,GMC
358,Twitterbeat,80,BMW
359,Dynabox,74,Cadillac
360,Tambee,27,Mercedes-Benz
361,Youspan,83,Volkswagen
362,Thoughtsphere,86,Land Rover
363,Meeveo,8,GMC
364,Centimia,17,Toyota
365,Yoveo,4,Mitsubishi
366,Jaxspan,41,Eagle
367,Youspan,9,Nissan
368,Voonyx,61,Ford
369,Yabox,80,Ford
370,Eayo,92,Scion
371,Realbridge,53,Mazda
372,Flipstorm,57,Acura
373,Jetwire,5,Suzuki
374,Dabjam,92,Suzuki
375,Nlounge,51,Saab
376,Mymm,12,Dodge
377,Wikizz,72,Oldsmobile
378,Centimia,8,Mazda
379,Pixope,25,Pontiac
380,Edgetag,40,Porsche
381,Linktype,13,Bentley
382,Linktype,77,Toyota
383,Zazio,33,GMC
384,Skyble,91,Volkswagen
385,Chatterpoint,89,Isuzu
386,Linkbuzz,75,Lexus
387,Zava,18,Dodge
388,Yata,83,Hyundai
389,Npath,91,Lamborghini
390,Kwimbee,12,GMC
391,Tagcat,55,Mitsubishi
392,Nlounge,89,Mercedes-Benz
393,Devify,22,Jeep
394,Feedmix,86,Scion
395,Jabbertype,53,Mercedes-Benz
396,Jazzy,65,Pontiac
397,Aimbu,16,Ford
398,Eimbee,49,Volkswagen
399,Yadel,69,Chevrolet
400,Mynte,35,Nissan
401,Zoomcast,15,Chrysler
402,Ailane,42,Mercedes-Benz
403,Photojam,41,Mitsubishi
404,Meevee,25,BMW
405,Voonder,64,Honda
406,Blogpad,80,Eagle
407,Pixonyx,69,Mitsubishi
408,Realbuzz,65,Lexus
409,Realblab,3,Ford
410,Eazzy,43,Mercury
411,Photolist,83,Nissan
412,Vipe,33,GMC
413,Cogilith,3,Lexus
414,Jatri,36,GMC
415,Twitterbridge,74,Chevrolet
416,Thoughtsphere,82,Ford
417,Dabfeed,13,Honda
418,Jabbertype,62,Subaru
419,Skinder,94,Mitsubishi
420,Photobug,29,Mitsubishi
421,Yadel,100,BMW
422,Blogtag,7,BMW
423,Bluejam,15,Chevrolet
424,Minyx,59,Land Rover
425,Feedfire,94,Mercedes-Benz
426,Dynabox,70,Dodge
427,Feedmix,24,Chevrolet
428,Browseblab,25,Mercedes-Benz
429,Dabjam,30,Chrysler
430,Jatri,90,Chevrolet
431,Jabbercube,5,Mercury
432,Edgeify,31,Mazda
433,Meevee,99,Mercury
434,Buzzshare,9,Chevrolet
435,Geba,75,Chrysler
436,Tambee,72,Mercedes-Benz
437,Oyoba,60,Chevrolet
438,Buzzshare,46,Chevrolet
439,Tazzy,78,Infiniti
440,Riffpedia,22,Hyundai
441,Demizz,82,Volkswagen
442,Quinu,91,Toyota
443,Quamba,24,Ford
444,Dynabox,33,Mazda
445,Zoomzone,35,Mitsubishi
446,Jabbercube,78,Buick
447,Thoughtworks,21,Hyundai
448,Fivechat,68,Isuzu
449,Gigashots,59,Pontiac
450,Blogtag,6,Nissan
451,Rhynoodle,72,Lincoln
452,Einti,91,Pontiac
453,Innotype,1,Dodge
454,Trunyx,48,Ford
455,Gigashots,9,Pontiac
456,Topicstorm,72,GMC
457,Avamm,90,Ford
458,Pixope,26,Mitsubishi
459,Chatterbridge,98,Ford
460,Skibox,99,Toyota
461,Tagfeed,30,Chevrolet
462,Dynazzy,85,Cadillac
463,Podcat,36,Lexus
464,Fatz,44,Oldsmobile
465,Yambee,87,GMC
466,Skyvu,90,Volvo
467,Fadeo,94,Eagle
468,Jaxbean,48,Eagle
469,Centimia,40,Lamborghini
470,Trudoo,60,Pontiac
471,Aibox,4,Mazda
472,Tanoodle,9,Ford
473,Topiczoom,24,Volkswagen
474,Realcube,80,Ford
475,Tambee,100,Pontiac
476,Jaxbean,83,Kia
477,Omba,16,Plymouth
478,Yamia,16,GMC
479,Wikido,56,Toyota
480,Flashspan,26,Chevrolet
481,Gigaclub,18,Hyundai
482,LiveZ,66,Volkswagen
483,Youtags,15,Pontiac
484,Eire,7,BMW
485,Zoomdog,91,Mazda
486,Skyble,30,Ford
487,Skyble,94,GMC
488,Dabjam,65,Dodge
489,Ntags,54,Lotus
490,Skinder,97,Kia
491,Twimbo,82,Buick
492,Innotype,86,Pontiac
493,Camimbo,34,Toyota
494,Katz,38,Mitsubishi
495,Bubbletube,45,Chevrolet
496,Flipstorm,26,Dodge
497,Pixonyx,89,GMC
498,Thoughtstorm,81,Audi
499,Photofeed,45,Chevrolet
