fecha,Sucursal,precio,cantidad,cliente,Vehiculo
9/27/2021,Rhyzio,$271.7M,95,Cecilio,Hyundai
5/4/2022,Rhynoodle,$161.51M,37,Dan,Mercedes-Benz
5/11/2022,Gabvine,$2.24B,58,Haily,Mitsubishi
5/6/2022,Podcat,$1.82B,61,Codi,Mitsubishi
6/23/2021,Demivee,$71.76M,73,Dalton,Volkswagen
9/21/2021,Innotype,$2.14B,4,Orrin,Porsche
11/13/2021,Jabbersphere,$54.13M,72,Teddie,Dodge
3/18/2022,Tagcat,$110.38M,62,Jonathon,Nissan
5/26/2022,Flipstorm,$25.92M,32,Tiebold,Hyundai
6/13/2022,Kazio,$41.88M,6,Mendy,Ford
9/17/2021,Quatz,$24.13B,52,Skippie,Chevrolet
1/8/2022,Twitternation,$1.21B,71,Chic,Kia
3/18/2022,Topicblab,n/a,9,Parrnell,Volkswagen
2/27/2022,Babbleopia,$24.52M,91,Neall,Chevrolet
1/28/2022,Thoughtblab,n/a,83,Kevan,Audi
7/12/2021,Tambee,$13.87M,23,Torrey,Mazda
4/26/2022,Yozio,$2.47B,95,Jon,Buick
11/8/2021,Snaptags,$788.51M,25,Cello,Ford
4/14/2022,Meevee,$116.83M,46,Avigdor,Maserati
8/17/2021,Twinder,$40.47B,93,Davide,Mercedes-Benz
6/5/2022,Chatterpoint,$1.03B,41,Oswell,Maserati
5/7/2022,Thoughtmix,$151.17M,73,Lothario,Mercedes-Benz
2/26/2022,Muxo,$1.22B,57,Kingston,Toyota
3/16/2022,Thoughtstorm,$7.43B,33,Foss,Toyota
8/26/2021,Quatz,$5.12B,24,Gare,Pontiac
8/15/2021,Izio,$1.4B,54,Raoul,Oldsmobile
10/13/2021,Mydeo,$61.03M,39,Jarib,Mercedes-Benz
12/16/2021,Oyondu,$1.08B,57,Verne,Infiniti
9/13/2021,Tagcat,$1.04B,8,Barr,Bentley
12/14/2021,Quire,$8.91M,70,Gilberto,Subaru
9/26/2021,Jabbercube,$22.36M,12,Gregoire,Chevrolet
3/21/2022,Chatterbridge,$1.77B,79,Nilson,Dodge
6/10/2022,Yodoo,$480.69M,22,Mortie,Buick
11/2/2021,Demivee,$2.54B,1,Tanney,GMC
10/8/2021,Yakidoo,$246.04M,28,Adair,Acura
6/8/2022,Fanoodle,$2.43B,99,Daniel,Daewoo
11/15/2021,Gevee,$387.13M,29,Brander,Subaru
10/28/2021,Miboo,$52.47B,98,Dean,Jeep
5/14/2022,Trudeo,$83.85B,91,Ezekiel,Jeep
11/15/2021,Linktype,$92.42M,80,Andrea,Chevrolet
10/28/2021,Linktype,$76.93B,7,Lew,Geo
1/9/2022,Brightbean,n/a,95,Herb,Pontiac
2/6/2022,Tagcat,$96.78M,61,Roth,GMC
6/29/2021,Pixope,$3.4B,100,Rooney,Nissan
7/28/2021,Zoombox,n/a,47,Fields,Citroën
8/29/2021,Jabberstorm,$99.14M,85,Wernher,Porsche
10/30/2021,Skidoo,$11.18B,65,Roderigo,Chevrolet
7/7/2021,Thoughtstorm,$6.5B,25,Filbert,Chevrolet
11/23/2021,Zoonoodle,n/a,12,Guthrey,Nissan
2/1/2022,Flipstorm,$2.43B,36,Ross,Ford
4/9/2022,Rooxo,$27.89B,79,Giuseppe,Hyundai
4/29/2022,Topicblab,$30.69M,84,Glyn,Buick
1/6/2022,Kimia,n/a,4,Felice,BMW
2/14/2022,Browsetype,$306.18B,16,Niven,Jaguar
7/3/2021,Kwilith,n/a,81,Bennett,Pontiac
2/16/2022,Dynabox,$14.05M,80,Johnnie,Toyota
7/31/2021,Muxo,$446M,100,Cornelius,Pontiac
12/27/2021,Tagcat,$6.28B,88,Noll,Lotus
9/10/2021,Skipstorm,$2.55B,39,Gerome,Subaru
7/5/2021,Fadeo,n/a,51,Jean,Honda
10/20/2021,Edgeblab,$350.57M,32,Shelby,Dodge
6/17/2022,Skyndu,$1.14B,14,Dennet,Chevrolet
4/2/2022,Zoozzy,$2.64B,90,Isidor,Toyota
8/13/2021,InnoZ,$897.42M,2,Lemmie,Nissan
8/9/2021,Realmix,$1.47B,57,Saunder,Hyundai
7/22/2021,Divape,$73.91M,44,Marlowe,Bentley
11/22/2021,Ntags,$6.2B,84,Hurley,GMC
11/16/2021,Fiveclub,$2.08B,7,Pavlov,Buick
12/5/2021,Vimbo,$27.17B,67,Weidar,Scion
5/19/2022,Browseblab,$4.17B,73,Zachery,Volkswagen
11/30/2021,Myworks,$405.38M,77,Burnard,Mitsubishi
4/8/2022,Jetwire,$1.4B,39,Rickert,Lexus
5/28/2022,Edgeify,$95.35M,41,Lionel,Chevrolet
8/7/2021,Riffpedia,$130.19M,92,Chico,Pontiac
8/13/2021,Voonix,$320.19M,27,Kylie,Volkswagen
3/14/2022,InnoZ,n/a,56,Cad,Toyota
3/7/2022,Eare,$2.09B,56,Mateo,Volkswagen
8/2/2021,Plambee,$12M,42,Bartholomew,GMC
3/21/2022,Centimia,n/a,93,Rip,Nissan
9/29/2021,Thoughtblab,$90.88M,32,Mattie,Oldsmobile
3/19/2022,Miboo,$8.45B,84,Ave,Volkswagen
9/6/2021,Oloo,$4.39B,14,Ashbey,Honda
4/9/2022,Roombo,$930.51M,92,Christophe,Pontiac
7/24/2021,Yodo,$10.8B,27,Shurlock,Nissan
2/4/2022,DabZ,$2.27B,30,Nels,Ford
10/8/2021,Youbridge,$54.41B,14,Gregg,Dodge
10/14/2021,Brainlounge,$1.27B,22,Josiah,Pontiac
3/10/2022,Fivechat,$298.66M,11,Leonardo,Hyundai
10/20/2021,Jaxnation,$85M,50,Trefor,Plymouth
6/1/2022,Voolia,n/a,27,Jens,Saab
7/24/2021,Myworks,$21.03M,26,Reynard,GMC
11/12/2021,Jabberstorm,n/a,59,Mohandas,Volkswagen
6/1/2022,Realpoint,$865.57M,59,Eb,Mazda
1/12/2022,Babbleblab,$154.55M,43,Darb,Pontiac
9/22/2021,Yodo,$1.46B,54,Gare,Volkswagen
2/12/2022,Trilith,n/a,75,Fidel,Maserati
4/12/2022,Riffpedia,$675.67M,14,Royce,Jaguar
8/4/2021,Innotype,$749.94M,3,Stinky,Mazda
4/16/2022,Bubblebox,$94.73M,87,Huntington,Maserati
8/2/2021,Layo,$195.63M,14,Vincents,Infiniti
6/16/2022,Photobug,$1.71B,3,Edsel,Toyota
4/4/2022,Fatz,$7.77B,16,Alexei,Land Rover
5/14/2022,Yombu,$5.31B,72,Gayelord,Lexus
7/25/2021,Youspan,$1.81B,75,Ham,Mercedes-Benz
8/11/2021,Myworks,n/a,56,Haven,Dodge
6/4/2022,Skipfire,$44.38M,14,Brant,Pontiac
4/27/2022,Edgepulse,$11.06B,81,Kelsey,Toyota
12/31/2021,Aimbo,n/a,13,Griffy,BMW
1/31/2022,Yotz,$5.91M,88,Abel,Toyota
10/16/2021,Blogtag,$157.67M,33,Brigg,Toyota
3/28/2022,Thoughtbridge,$296.86M,86,Tate,Mercury
3/18/2022,Topicware,$3.96B,42,Edvard,Volvo
3/19/2022,Livefish,n/a,62,Cletis,GMC
10/23/2021,Yozio,$612.59M,17,Scotti,Hyundai
6/16/2022,Kimia,$120.57B,53,Ilaire,Volkswagen
9/11/2021,Twimm,n/a,87,Eduardo,Subaru
12/1/2021,Dynava,$27.34M,78,Cale,Ford
4/24/2022,Mybuzz,$32.92M,89,Berky,Porsche
1/23/2022,Jamia,$73.95M,68,Munmro,Dodge
12/9/2021,Jazzy,$143.18M,66,Edvard,Pontiac
10/14/2021,Centimia,$1.42B,18,Rochester,Jaguar
9/26/2021,Yata,$14.12B,88,Shellysheldon,Chevrolet
2/7/2022,Photobug,$349.39M,19,Wolf,Isuzu
6/28/2021,Feedspan,$29.38B,10,Ralph,GMC
12/23/2021,Wikizz,$14.4B,56,Gawen,Mercedes-Benz
8/27/2021,Ailane,$13.56M,70,Cobb,BMW
12/11/2021,Dabjam,$394.2M,54,Karoly,Volvo
2/10/2022,Browseblab,$60M,28,Conney,Ford
9/23/2021,Myworks,n/a,89,Beaufort,Ford
11/24/2021,Topicblab,$54.07M,36,Zebulon,Volkswagen
7/14/2021,Gabvine,$17.3B,72,Rhys,Audi
1/26/2022,Oyonder,$645.41M,19,Neron,Mazda
9/19/2021,Avavee,$707.25M,86,Andrej,Cadillac
5/24/2022,Feedfire,$130.34M,52,Kasper,Volkswagen
10/3/2021,Chatterbridge,$238.94M,70,Arne,Isuzu
8/11/2021,Devpulse,$796.49M,68,Casar,Buick
1/17/2022,Jabberstorm,$315.63M,95,Tobin,GMC
2/10/2022,Wikido,$2.41B,33,Angus,BMW
10/4/2021,Browsecat,$2.6B,48,Torrey,Chevrolet
7/26/2021,Quaxo,$155.85M,47,Martainn,Kia
7/15/2021,Dynava,$448.07M,21,Zollie,Hyundai
12/25/2021,Tekfly,$1.97B,17,Jacobo,Isuzu
1/22/2022,Geba,$115.54M,70,Giselbert,Lincoln
2/5/2022,Blogpad,$496.43M,89,Titos,Lincoln
4/25/2022,Trilia,$1.47B,18,Georgy,Lexus
6/19/2022,Thoughtbeat,$357.95M,46,Pip,Ford
5/21/2022,Realmix,$9.79B,11,Alonzo,Cadillac
1/6/2022,Avavee,$741.39M,23,Eliot,GMC
6/19/2022,Omba,$39.32M,66,Jean,Ford
5/9/2022,Quatz,$361.92B,34,Urson,Ram
10/14/2021,Twinte,$41.27B,18,Jaime,BMW
11/14/2021,Jaloo,n/a,87,Jeffy,Lincoln
10/9/2021,Dazzlesphere,$551.95M,36,Alonso,Mazda
10/16/2021,Jayo,$567.1M,95,Benedetto,Oldsmobile
2/17/2022,Snaptags,$59.59M,56,Teddy,Toyota
11/14/2021,Tagopia,$362.28M,16,Quincy,Mercedes-Benz
7/21/2021,Mydeo,$23.91B,90,Micheil,Chevrolet
1/28/2022,Buzzdog,$647.69M,57,Vinnie,Lexus
5/15/2022,InnoZ,n/a,51,Rodge,Land Rover
8/4/2021,Einti,$14.33M,17,Darwin,Buick
1/19/2022,Cogibox,n/a,92,Jarrett,Pontiac
4/28/2022,Meejo,$21.4M,96,Riley,Bentley
6/16/2022,Feedfire,$33.04M,94,Jodie,Honda
8/22/2021,Gigabox,$395.82M,56,Riobard,Mitsubishi
10/25/2021,Yakitri,$136.26M,43,Kilian,Mazda
4/13/2022,Feedmix,$4.84B,19,Udall,Cadillac
1/4/2022,Twimbo,$12.16M,9,Rex,Dodge
8/21/2021,Voonte,n/a,27,Kenyon,Ford
11/5/2021,Topicblab,$135.82M,84,Florian,Suzuki
9/8/2021,Reallinks,$34.59M,48,Timmy,Ford
8/16/2021,Realpoint,n/a,52,Leland,Buick
11/23/2021,Kare,$2.59B,83,Murry,Toyota
7/6/2021,Thoughtsphere,$9.12B,12,Antone,BMW
1/2/2022,Gabtune,$751.86M,75,Rupert,GMC
7/5/2021,Flipstorm,$40.45M,94,Malvin,Ford
2/23/2022,Thoughtmix,$2.49B,62,Leon,Hillman
7/30/2021,Voonix,$303.87M,47,Laughton,Volvo
11/10/2021,Zoomlounge,$842.05M,10,Matias,Honda
8/10/2021,Browsezoom,$66.96M,97,Burt,Ford
7/13/2021,Yozio,n/a,66,Arnaldo,Mitsubishi
5/5/2022,Thoughtsphere,$1.84B,83,Timoteo,Lincoln
2/20/2022,Wikibox,n/a,62,Andy,GMC
11/11/2021,Trudoo,$24.88B,26,Bary,Ford
1/21/2022,Aimbo,$8.4M,64,Hardy,Ford
7/2/2021,Browsedrive,$14.89M,70,Emmanuel,Ford
6/15/2022,Yozio,n/a,80,Kristo,Honda
10/25/2021,Aivee,$83.39M,99,Travis,Mitsubishi
3/3/2022,Jaxspan,$737.25M,1,Brade,Pontiac
11/25/2021,Meembee,$64.48M,40,Rawley,Ford
6/2/2022,Snaptags,$14.45B,8,Gage,Mitsubishi
6/1/2022,Muxo,$534.86M,59,Fairleigh,Mazda
7/9/2021,Twinte,$562.64M,21,Ulick,Oldsmobile
9/25/2021,Eare,$1.26B,47,Ferdinand,GMC
9/9/2021,Cogilith,$4.57B,5,Beaufort,Lexus
1/26/2022,Vimbo,$123.47M,55,Torrance,Chevrolet
2/10/2022,Demizz,$1.81B,48,Von,Chevrolet
3/2/2022,Twinte,$2.6B,100,Lombard,Acura
9/22/2021,Eayo,$180.82M,69,Cosimo,Toyota
1/7/2022,Kimia,$33.7B,2,Bertie,Volkswagen
8/12/2021,Realmix,$172.9M,30,Samuele,Merkur
4/28/2022,Topicware,$18.6M,64,Montgomery,BMW
2/23/2022,Eamia,$14.07M,33,Farris,Oldsmobile
12/10/2021,Trunyx,$28.08M,44,Tucker,Dodge
10/28/2021,Flipopia,n/a,12,Jim,Volkswagen
3/21/2022,Kwinu,n/a,42,Parke,Mazda
2/8/2022,Realpoint,$3.68B,51,Isidro,Audi
10/31/2021,Yata,$339.02M,4,Keary,Dodge
5/12/2022,Kazio,$2.59B,45,Lalo,Ford
12/23/2021,Twitterlist,$262.86M,31,Ross,Kia
8/12/2021,Devpoint,n/a,18,Launce,Buick
12/7/2021,Kaymbo,$675.15M,69,Mickie,Dodge
4/17/2022,Realmix,$1.31B,21,Keefe,Volkswagen
11/15/2021,Yozio,$71.88M,39,Geoffrey,Toyota
6/12/2022,Wikizz,$677.94M,40,Decca,Mazda
2/20/2022,Yotz,$677.94M,84,Algernon,Chevrolet
11/8/2021,Lazz,$5.1B,99,Hilliard,Toyota
5/11/2022,Jaxworks,$13.26B,57,Vite,Bentley
11/11/2021,Camimbo,$68.41B,86,Shane,Mercedes-Benz
2/7/2022,Fadeo,n/a,52,Pauly,Toyota
9/9/2021,Skajo,n/a,1,Sheffield,Nissan
4/5/2022,Photofeed,$28.55M,68,Armando,Scion
1/22/2022,Twiyo,$2.83B,79,Brendon,BMW
8/5/2021,Fanoodle,$306.18B,19,Ara,Jeep
3/18/2022,Tagopia,$33.04M,95,Ax,Suzuki
5/3/2022,Bubblebox,n/a,6,Kirk,Pontiac
6/18/2022,Avavee,$152.04M,78,Bar,Chevrolet
2/1/2022,Zoomzone,$276.7M,32,Kirk,Lexus
4/28/2022,Avavee,$6.59B,62,Chester,Mercury
9/28/2021,Shuffledrive,n/a,7,Lester,GMC
8/28/2021,Mudo,$28.04M,82,Hercule,Toyota
9/24/2021,Flashset,$4.37B,94,Adair,GMC
6/18/2022,Quatz,n/a,4,Svend,Chevrolet
11/25/2021,Flashpoint,n/a,58,Siward,Dodge
4/25/2022,Brainsphere,$1.17B,16,Welsh,Kia
8/12/2021,Kimia,$77.63M,4,Reginauld,Buick
4/15/2022,Aimbu,$1.93B,25,Alley,Maserati
6/13/2022,Npath,$5.8B,30,Hillary,Ford
5/23/2022,Lazzy,n/a,32,Nicolai,Chevrolet
1/23/2022,Buzzster,n/a,85,Justis,Lamborghini
1/5/2022,Skynoodle,$745.32M,95,Simeon,Pontiac
10/18/2021,BlogXS,$4.4B,23,Lammond,Ford
1/18/2022,Oyoyo,$17.98B,18,Arthur,Mitsubishi
9/10/2021,Photobean,$253.22M,82,Angelo,Hyundai
3/13/2022,Tagchat,$14.07M,14,Carney,Saab
10/17/2021,Zoozzy,n/a,90,Allard,Buick
4/16/2022,Pixonyx,$1.48B,94,Harwilll,Infiniti
4/5/2022,Plajo,$8.39B,45,Rufe,Pontiac
1/25/2022,Innotype,$158.53M,49,Wyndham,Jaguar
12/13/2021,Zava,$73.14M,47,Harper,Volkswagen
8/8/2021,Brightbean,$36.8M,79,Aldridge,Volvo
2/12/2022,Dabtype,$26.47B,46,Agustin,Chevrolet
3/3/2022,Yata,$1.8B,46,Chick,Ford
1/17/2022,Photolist,$17.7B,95,Harbert,Lotus
12/10/2021,Jabbersphere,$1.6B,75,Franklin,Dodge
11/22/2021,Voolia,$703.44M,97,Haywood,Dodge
12/11/2021,Flipstorm,$60.75M,61,Kliment,Land Rover
10/23/2021,Youbridge,$69.92M,94,Archibold,Geo
7/18/2021,Linklinks,$146.29M,8,Daren,BMW
10/21/2021,Dabtype,$524.24M,23,Bordy,Suzuki
9/7/2021,Aimbu,$316.71M,43,Benton,Nissan
12/3/2021,Vitz,$296.92M,79,Aldus,Volkswagen
5/13/2022,Fanoodle,$1.67B,27,Derk,Audi
4/5/2022,Jaxnation,n/a,39,Kenneth,Saab
4/2/2022,Thoughtbridge,$10.83B,69,Waldo,Porsche
2/6/2022,Lajo,$36.89M,71,Rustin,Chevrolet
7/14/2021,Gigashots,$54.9M,67,Trip,Pontiac
2/25/2022,Flashpoint,$244.93M,77,Alastair,Chevrolet
10/3/2021,Teklist,n/a,28,Nathaniel,Chrysler
6/1/2022,Yabox,$25.18B,77,Sterling,Mercedes-Benz
4/27/2022,Devshare,$380.14M,34,Eldon,GMC
10/9/2021,Eidel,$2.35B,27,Judd,Lincoln
7/30/2021,Teklist,$14.36M,56,Barris,BMW
12/7/2021,Meetz,$12.31M,56,Javier,Isuzu
12/18/2021,Dabfeed,$10.72B,15,Reinaldos,Honda
2/16/2022,Skipfire,$454.72M,100,Berton,Ford
4/10/2022,Rhyloo,$1.01B,13,Giuseppe,Volvo
5/4/2022,Ntags,$1.38B,56,Faulkner,Maserati
8/27/2021,Skidoo,$390.56M,38,Edsel,Toyota
12/19/2021,Yakidoo,$555.08M,44,Tucky,Ford
2/9/2022,Browsebug,$187.49M,39,Harbert,Lamborghini
3/20/2022,Livetube,$223.07M,25,Farlay,Kia
3/18/2022,Camido,$196.76B,15,Kahaleel,Chrysler
4/26/2022,Kwinu,$350.52M,33,Maxy,Ford
6/28/2021,Yadel,$2.28B,100,Cletis,GMC
7/28/2021,Flashpoint,$69.91M,99,Olav,Chevrolet
5/6/2022,Skinder,n/a,25,Bran,Toyota
8/7/2021,Jabbersphere,$3.96B,21,Richie,Chevrolet
12/31/2021,Mynte,n/a,11,Clemmy,Chrysler
10/14/2021,Pixope,$157.5M,1,Zach,Bentley
3/6/2022,Yodel,$807.59M,32,Ripley,Kia
10/21/2021,Flipopia,$2.63B,46,Derk,Pontiac
7/26/2021,Ntag,$4.24B,91,Malcolm,Lincoln
11/29/2021,Mudo,$58.47M,97,Vincent,BMW
4/23/2022,Shuffledrive,$3.34B,37,Britt,Chevrolet
6/7/2022,Janyx,$1.82B,63,Georgi,Chevrolet
8/11/2021,Teklist,$25.59B,26,Westley,Chevrolet
7/20/2021,Quinu,$402.04M,24,Lammond,Suzuki
8/20/2021,Myworks,$414.73M,27,Brendan,Mazda
11/17/2021,Eire,$3.82B,36,Etan,Hyundai
2/10/2022,Realbuzz,$1.49B,71,Sheffield,BMW
6/2/2022,Dablist,$1B,80,Balduin,Porsche
3/8/2022,Livetube,$2.17B,84,Craggie,Kia
5/5/2022,Gigaclub,$19.65M,69,Rafferty,Suzuki
9/16/2021,Browsetype,$5B,52,Broddie,Audi
6/15/2022,Zoomlounge,$23.38B,58,Thorvald,Volkswagen
2/12/2022,Eidel,n/a,37,Knox,Hyundai
7/25/2021,Mudo,n/a,76,Tommie,Ferrari
9/17/2021,Brightdog,$19.68B,70,Philip,Oldsmobile
12/5/2021,Riffpath,$7.87B,59,Cordy,Chevrolet
4/28/2022,Abata,$152.41M,30,Demott,BMW
9/11/2021,Edgeify,n/a,40,William,Chrysler
8/27/2021,Avaveo,$64.02M,67,Elwood,Ford
7/26/2021,Eazzy,$454M,84,Hirsch,Buick
9/22/2021,Photojam,n/a,100,Nicola,Hyundai
4/23/2022,Linktype,$715.78M,92,Alric,Chrysler
10/21/2021,Dabfeed,$542.39M,80,Pall,Saturn
11/5/2021,Browsedrive,n/a,45,Vladamir,Buick
4/21/2022,Blogpad,n/a,16,Arni,Lexus
2/22/2022,Gigabox,$6.77B,40,Kippar,Porsche
6/20/2022,Quire,$636.41M,100,Pancho,Mercedes-Benz
4/12/2022,Tagpad,$4.72B,9,Boris,GMC
4/4/2022,Dynabox,$2.11B,28,Hayden,Acura
5/6/2022,Centizu,$380.1M,93,Orlando,Honda
1/12/2022,Tagopia,$44.68B,69,Brigg,Kia
9/23/2021,Kwilith,$8.53B,33,Quill,Mazda
3/13/2022,Oyonder,$200.59M,32,Ahmed,Chevrolet
3/31/2022,Blogtags,$32.02B,5,Brodie,Volkswagen
4/20/2022,Linkbridge,n/a,27,Olivero,Mazda
9/9/2021,Camimbo,$404.02M,72,Ulric,Cadillac
2/7/2022,Thoughtblab,$975.44M,76,Christie,Ford
9/29/2021,Twimm,$79.68M,51,Norman,Mazda
10/31/2021,Aimbo,$745.32M,1,Errick,Dodge
1/23/2022,Yakidoo,$39.27B,98,Odie,Dodge
11/5/2021,Dabjam,n/a,42,Kristian,GMC
2/8/2022,Leexo,$2.05B,17,Sid,Chevrolet
7/2/2021,Gigaclub,$79.27M,85,Mar,Jeep
11/16/2021,Tekfly,n/a,13,Umberto,Suzuki
6/14/2022,Gigaclub,$7.6B,46,Gerick,GMC
8/30/2021,Jayo,n/a,82,Buck,Audi
8/29/2021,Quatz,$367.06M,50,Vinnie,Mercedes-Benz
5/1/2022,Meetz,$383.96M,12,Gunter,Mercedes-Benz
2/16/2022,Oyonder,$334.83M,80,Richmond,Ford
6/13/2022,Thoughtblab,$187.53M,39,Ulric,Hyundai
2/17/2022,Kwideo,n/a,100,Frederick,Toyota
12/31/2021,Twinder,$79.32M,94,Gasparo,Mazda
8/11/2021,Wikivu,n/a,49,Wang,Toyota
11/14/2021,Jayo,$41.59M,99,Burnard,GMC
5/15/2022,Shufflester,$60.98M,48,Torin,Lexus
6/28/2021,Eidel,$1.2B,89,Mike,Eagle
9/22/2021,Shufflester,$38B,32,Mata,Kia
8/19/2021,Thoughtmix,$20.87M,19,Hiram,Ford
5/18/2022,Realbuzz,$5.54B,70,Benton,BMW
6/12/2022,Devpulse,$1.77B,42,Chevalier,Buick
4/26/2022,Livetube,$17.01M,63,Lazarus,Saturn
1/26/2022,Centidel,n/a,39,Hastings,Lincoln
12/10/2021,Browsecat,$968.03M,71,Angelo,Plymouth
5/9/2022,Livetube,$177.28M,73,Darryl,Porsche
3/1/2022,Shufflebeat,$904.29M,95,Vaclav,GMC
1/20/2022,Twitterbeat,$27.68M,80,Enoch,BMW
6/9/2022,Dynabox,$73.3M,74,Georg,Cadillac
10/26/2021,Tambee,$415.04M,27,Alphonse,Mercedes-Benz
7/19/2021,Youspan,$226.45M,83,Archambault,Volkswagen
8/10/2021,Thoughtsphere,$171.9M,86,Hamnet,Land Rover
11/17/2021,Meeveo,$3.79B,8,Gardy,GMC
12/11/2021,Centimia,$18.42B,17,Bent,Toyota
1/28/2022,Yoveo,$743.07M,4,Henry,Mitsubishi
8/5/2021,Jaxspan,$3.4B,41,Ambrose,Eagle
12/10/2021,Youspan,$17.14B,9,Hilary,Nissan
7/17/2021,Voonyx,n/a,61,Engelbert,Ford
4/30/2022,Yabox,$28.99M,80,Joey,Ford
6/18/2022,Eayo,$6.36B,92,Georg,Scion
10/11/2021,Realbridge,$1.76B,53,Kendricks,Mazda
11/19/2021,Flipstorm,$10.19B,57,Herschel,Acura
7/14/2021,Jetwire,n/a,5,Constantine,Suzuki
10/12/2021,Dabjam,$4.11B,92,Eddy,Suzuki
2/20/2022,Nlounge,n/a,51,Rockey,Saab
9/18/2021,Mymm,n/a,12,Tully,Dodge
7/19/2021,Wikizz,$342.25M,72,Zackariah,Oldsmobile
6/29/2021,Centimia,n/a,8,Burnard,Mazda
1/5/2022,Pixope,$19.4B,25,Meredith,Pontiac
8/6/2021,Edgetag,$13.17B,40,Harald,Porsche
5/17/2022,Linktype,$1.59B,13,Udale,Bentley
12/9/2021,Linktype,$83.27M,77,Cornell,Toyota
6/24/2021,Zazio,$788.23M,33,Tadio,GMC
5/10/2022,Skyble,$34.21M,91,Donn,Volkswagen
6/19/2022,Chatterpoint,$730.37M,89,Erasmus,Isuzu
11/10/2021,Linkbuzz,$980.54M,75,Nicolis,Lexus
11/21/2021,Zava,$633.57M,18,Chas,Dodge
2/15/2022,Yata,$2.5B,83,Keane,Hyundai
3/4/2022,Npath,$1.65B,91,Tallie,Lamborghini
12/7/2021,Kwimbee,$187.27B,12,Brennan,GMC
12/19/2021,Tagcat,n/a,55,Sullivan,Mitsubishi
7/9/2021,Nlounge,n/a,89,Menard,Mercedes-Benz
5/3/2022,Devify,$2.3B,22,Edgard,Jeep
4/30/2022,Feedmix,$79.8M,86,Hernando,Scion
2/3/2022,Jabbertype,$343.54M,53,Hallsy,Mercedes-Benz
3/3/2022,Jazzy,$112.52M,65,Ludovico,Pontiac
1/13/2022,Aimbu,$55.69B,16,Farlie,Ford
4/11/2022,Eimbee,n/a,49,Evelin,Volkswagen
7/5/2021,Yadel,$21.96M,69,Emanuel,Chevrolet
7/16/2021,Mynte,$47.27B,35,Bertrando,Nissan
7/26/2021,Zoomcast,$7.84M,15,Eugene,Chrysler
5/6/2022,Ailane,n/a,42,Worthy,Mercedes-Benz
11/3/2021,Photojam,$79.18M,41,Mychal,Mitsubishi
5/28/2022,Meevee,n/a,25,Davin,BMW
3/10/2022,Voonder,$273.41M,64,Wyatt,Honda
8/24/2021,Blogpad,$1.93B,80,Ossie,Eagle
6/26/2021,Pixonyx,$842.05M,69,Thatch,Mitsubishi
5/14/2022,Realbuzz,$183.56M,65,Marshall,Lexus
8/26/2021,Realblab,n/a,3,Gamaliel,Ford
12/22/2021,Eazzy,$6.59B,43,Clementius,Mercury
4/10/2022,Photolist,$21.4M,83,Tarrance,Nissan
6/22/2021,Vipe,$11.67B,33,Zacharie,GMC
6/6/2022,Cogilith,n/a,3,Olin,Lexus
10/30/2021,Jatri,n/a,36,Garv,GMC
4/30/2022,Twitterbridge,$64.56M,74,Burnaby,Chevrolet
1/4/2022,Thoughtsphere,$395.71M,82,Field,Ford
2/20/2022,Dabfeed,n/a,13,Ben,Honda
5/5/2022,Jabbertype,$40.94M,62,Elston,Subaru
10/2/2021,Skinder,$1.41B,94,Vasili,Mitsubishi
12/15/2021,Photobug,$8.56B,29,Nat,Mitsubishi
7/1/2021,Yadel,$16.72B,100,Bent,BMW
6/29/2021,Blogtag,$173.59M,7,Bronnie,BMW
10/5/2021,Bluejam,$1.63B,15,Nataniel,Chevrolet
2/17/2022,Minyx,$7.81B,59,Jase,Land Rover
1/21/2022,Feedfire,$200.99M,94,Robinson,Mercedes-Benz
11/7/2021,Dynabox,$91.07M,70,Alexei,Dodge
2/28/2022,Feedmix,$234.26M,24,Onofredo,Chevrolet
3/11/2022,Browseblab,$161.78M,25,Lawton,Mercedes-Benz
4/20/2022,Dabjam,$78.45M,30,Pepito,Chrysler
6/10/2022,Jatri,$695.78M,90,Rollie,Chevrolet
11/26/2021,Jabbercube,$568.57M,5,Grace,Mercury
9/7/2021,Edgeify,$6.88B,31,Falkner,Mazda
8/10/2021,Meevee,$73.17M,99,Hanson,Mercury
10/9/2021,Buzzshare,$17.1B,9,Norton,Chevrolet
8/24/2021,Geba,$73.43M,75,Thadeus,Chrysler
6/9/2022,Tambee,$862.98M,72,Tomaso,Mercedes-Benz
1/9/2022,Oyoba,$17.98B,60,Gunner,Chevrolet
2/25/2022,Buzzshare,$1.56B,46,Guillermo,Chevrolet
4/7/2022,Tazzy,$1.96B,78,Morry,Infiniti
12/4/2021,Riffpedia,$2.71B,22,Valle,Hyundai
6/19/2022,Demizz,$29.24M,82,Yancy,Volkswagen
4/22/2022,Quinu,$8.89B,91,Jacob,Toyota
1/14/2022,Quamba,$1.16B,24,Mark,Ford
7/20/2021,Dynabox,$2.41B,33,Herc,Mazda
6/8/2022,Zoomzone,$2.5B,35,Emmet,Mitsubishi
8/8/2021,Jabbercube,$864.5M,78,Sawyere,Buick
8/25/2021,Thoughtworks,$64.41M,21,Felizio,Hyundai
9/10/2021,Fivechat,$51.95B,68,Shalom,Isuzu
1/1/2022,Gigashots,$2.68B,59,Norby,Pontiac
8/16/2021,Blogtag,$3.37B,6,Andreas,Nissan
7/30/2021,Rhynoodle,$1.64B,72,Ximenes,Lincoln
8/18/2021,Einti,$125.85M,91,Hershel,Pontiac
1/12/2022,Innotype,$372.55M,1,Noland,Dodge
6/2/2022,Trunyx,$4.06B,48,Rafferty,Ford
1/29/2022,Gigashots,n/a,9,Rocky,Pontiac
10/29/2021,Topicstorm,$79.68M,72,Gustavus,GMC
3/16/2022,Avamm,$781.49M,90,Kermit,Ford
1/6/2022,Pixope,$581.41M,26,Justen,Mitsubishi
12/23/2021,Chatterbridge,n/a,98,Orton,Ford
4/27/2022,Skibox,$257.8M,99,Karim,Toyota
3/27/2022,Tagfeed,n/a,30,Son,Chevrolet
5/21/2022,Dynazzy,n/a,85,Chip,Cadillac
11/15/2021,Podcat,n/a,36,Peder,Lexus
7/31/2021,Fatz,$3.49M,44,Trip,Oldsmobile
7/23/2021,Yambee,$14.6B,87,Nilson,GMC
7/8/2021,Skyvu,$200.51M,90,Francesco,Volvo
4/12/2022,Fadeo,$402.84M,94,Carlie,Eagle
7/30/2021,Jaxbean,$251.61M,48,Tammie,Eagle
2/13/2022,Centimia,$1.73B,40,Sig,Lamborghini
7/8/2021,Trudoo,$496.77M,60,Edgardo,Pontiac
6/19/2022,Aibox,$47.31M,4,Herrick,Mazda
11/13/2021,Tanoodle,$1.29B,9,Thorndike,Ford
3/8/2022,Topiczoom,$127.36B,24,Fairlie,Volkswagen
2/9/2022,Realcube,$6.3B,80,Harold,Ford
4/6/2022,Tambee,$5.84B,100,Jeth,Pontiac
12/2/2021,Jaxbean,$555.38M,83,Townie,Kia
11/12/2021,Omba,$3.02B,16,Cris,Plymouth
3/22/2022,Yamia,$775.3M,16,Fabio,GMC
6/1/2022,Wikido,$45.78M,56,Norby,Toyota
3/23/2022,Flashspan,$32.29M,26,Chet,Chevrolet
2/9/2022,Gigaclub,n/a,18,Winston,Hyundai
9/16/2021,LiveZ,$167.72M,66,Filippo,Volkswagen
3/28/2022,Youtags,$998.43M,15,Iain,Pontiac
2/9/2022,Eire,$222.28M,7,Ber,BMW
1/2/2022,Zoomdog,$6.42B,91,Gustaf,Mazda
9/6/2021,Skyble,n/a,30,Lou,Ford
1/26/2022,Skyble,$4.43B,94,Jeth,GMC
5/15/2022,Dabjam,$9.55B,65,Kerr,Dodge
12/5/2021,Ntags,$7.22B,54,Clyde,Lotus
9/20/2021,Skinder,$415.27M,97,Jehu,Kia
7/18/2021,Twimbo,$1.35B,82,Neal,Buick
2/23/2022,Innotype,$335.5M,86,Dallas,Pontiac
1/24/2022,Camimbo,$743.72M,34,Brian,Toyota
1/15/2022,Katz,$1.9B,38,Hayden,Mitsubishi
5/31/2022,Bubbletube,$203.67M,45,Field,Chevrolet
5/16/2022,Flipstorm,$324.08M,26,Bear,Dodge
5/7/2022,Pixonyx,$35.52M,89,Arlen,GMC
9/25/2021,Thoughtstorm,$180.9M,81,Shae,Audi
5/29/2022,Photofeed,$32.65B,45,Jody,Chevrolet
